{"cameraMode":{"drawMode":0,"name":"Shaded","section":"Shading Mode"},"sceneLighting":true,"audioPlay":false,"sceneViewState":{"m_AlwaysRefresh":false,"showFog":true,"showSkybox":true,"showFlares":true,"showImageEffects":true,"showParticleSystems":true,"showVisualEffectGraphs":true,"m_FxEnabled":true},"in2DMode":false,"pivot":{"x":-81.97429656982422,"y":-5.926538467407227,"z":-353.05401611328127},"rotation":{"x":0.006702188868075609,"y":-0.9830122590065002,"z":0.03658870980143547,"w":0.17979641258716584},"size":128.17617797851563,"orthographic":false}